Symbol,MarketCap
META,1452205801472.0
ANGI,199942320.0
BIDU,31690196992.0
BILI,6934640128.0
BMBL,435135616.0
BODI,44801128.0
BZ,7279786496.0
BZFD,92501560.0
CCG,43118380.0
CHAI,6722793.0
DIBS,150596512.0
DJT,2612647936.0
DOYU,128260152.0
EVER,946187328.0
GIBO,79443472.0
GIFT,28800668.0
GITS,5988959.0
GOOG,4199025999872.0
GOOGL,4243298189312.0
GRPN,796633152.0
IAC,
IZEA,53293836.0
JFIN,121927832.0
JOYY,3778633472.0
LCFY,5488577.0
MNY,38351980.0
MOMO,852502528.0
MTCH,9839181824.0
NAMI,7685740.0
NBIS,60343705600.0
NRDS,646902528.0
ONFO,1207000.0
OPRA,1725886464.0
PERI,404768320.0
PODC,81379752.0
RUM,5072138240.0
SEAT,81892104.0
SJ,42462768.0
SLE,184355904.0
SOGP,51634184.0
TBLA,999574976.0
TEAD,54220228.0
TRVG,389482688.0
TZOO,69579944.0
UPWK,1091655424.0
UPXI,80063072.0
VBIX,
WB,1749188736.0
WBTN,1282469632.0
WSHP,54664512.0
Z,8115737088.0
ZG,8340612096.0
AREN,44754012.0
ATHM,2501512192.0
CARS,660593664.0
CMCM,94047040.0
FENG,17929686.0
FVRR,344407968.0
GENI,2127634304.0
GETY,112075120.0
MAX,787242112.0
NXDR,924567744.0
PINS,13398966272.0
RDDT,31254812672.0
SNAP,10011890688.0
SPOT,113599668224.0
SSTK,204690160.0
STUB,2602032640.0
TME,14309773312.0
YELP,1286047872.0
ZDGE,38421776.0
ZH,269394976.0
ZIP,357683776.0
AAPL,4522736353280.0
BOXL,4334717.0
FEBO,7880925.0
FOXX,20243428.0
GPRO,112252488.0
KOSS,32659212.0
RIME,4959421.0
SONO,1808714880.0
TBCH,230139808.0
UEIC,56307720.0
VUZI,231294992.0
WLDS,6073672.0
WTO,1894915.0
AXIL,42641756.0
LPL,3380000000.0
MSN,9784833.0
SONY,140784025600.0
ZEPP,74644752.0
NVDA,5160284192768.0
ADI,181062729728.0
AIP,1141803392.0
ALAB,49035563008.0
ALGM,6978892288.0
ALMU,260301888.0
AMD,782249361408.0
AOSL,805334912.0
ARM,257985740800.0
AVGO,1697219084288.0
CEVA,762412288.0
CRDO,42239107072.0
CRUS,5584599552.0
DIOD,4280505856.0
GFS,25196343296.0
GSIT,229058256.0
HIMX,2384402432.0
ICG,57633832.0
IMOS,1931871488.0
INDI,836702848.0
INTC,462428504064.0
IPWR,77242872.0
LAES,565845952.0
LASR,2497985536.0
LEDS,15967667.0
LSCC,16489714688.0
MCHP,39911141376.0
MCHPP,
MOBX,20539604.0
MPWR,64089845760.0
MRAM,429290624.0
MRVL,216030625792.0
MTSI,20335286272.0
MU,1053689905152.0
MXL,6018400256.0
NVEC,516802912.0
NVTS,3248002816.0
NXPI,56673898496.0
ON,28229494784.0
PI,5078754304.0
POET,1398309248.0
POWI,3052358144.0
PRSO,9882734.0
PXLW,42829700.0
QCOM,171487789056.0
QRVO,8322828288.0
QUIK,208272704.0
RMBS,9746359296.0
SIMO,8199911936.0
SITM,17796573184.0
SKYT,1597181312.0
SLAB,7286299136.0
SMTC,11878636544.0
SWKS,9886061568.0
SYNA,3710079744.0
TSEM,24042874880.0
TXN,237490044928.0
WKEY,76741232.0
AMBQ,1453974272.0
ASX,96543916032.0
GCTS,169224304.0
MX,119388064.0
QNC,447616096.0
SQNS,43952264.0
STM,44121141248.0
TSM,2164886077440.0
UMC,49155010560.0
VLN,195986896.0
VSH,4802301440.0
WOLF,1314374400.0
AACB,293078240.0
AACBU,
AACG,41458320.0
AACIU,
AAL,9234480128.0
AAME,26312424.0
AAOI,9607146496.0
AAON,6282143232.0
AAPG,1568000512.0
AARD,158665136.0
ABAT,353313312.0
ABCL,4050592000.0
ABEO,355112736.0
ABLV,48402124.0
ABNB,114068668416.0
ABOS,224183584.0
ABSI,1652642944.0
ABTC,1125614080.0
ABTS,4307678.0
ABUS,1030149824.0
ABVC,21320826.0
ABVE,
ABVX,10289841152.0
ACAD,5267379712.0
ACB,253873360.0
ACCL,40454712.0
ACDC,850513344.0
ACET,84253408.0
ACFN,51277264.0
ACGL,34314000384.0
ACGLN,
ACGLO,
ACHC,2780905216.0
ACHV,840713344.0
ACIC,444333440.0
ACIU,290326624.0
ACIW,5290054656.0
ACLS,3872538624.0
ACLX,
ACMR,5555916288.0
ACNB,657994432.0
ACNT,135862544.0
ACOG,212334208.0
ACON,7177104.0
ACRS,961944768.0
ACRV,93420328.0
ACT,6815065088.0
ACTG,439140640.0
ACTU,37942440.0
ACXP,6059810.0
ADAG,256487568.0
ADAM,884417088.0
ADAML,
ADAMM,
ADAMN,
ADAMZ,
ADBE,108883206144.0
ADEA,2991900416.0
ADGM,12215753.0
ADIL,15282680.0
ADMA,2177131008.0
ADP,112337960960.0
ADPT,4189390848.0
ADSE,856478848.0
ADSK,53041799168.0
ADTN,653480960.0
ADTX,6486847.0
ADUR,546892032.0
ADUS,2261271040.0
ADV,447917952.0
ADVB,15166581.0
ADXN,4936791.0
AEBI,959176128.0
AEC,94961888.0
AEHL,6965995.0
AEHR,3118188800.0
AEI,61844376.0
AEIS,11031092224.0
AEMD,1706726.0
AENT,280775104.0
AEP,66835664896.0
AERT,37104080.0
AEVA,1126445056.0
AEYE,92638496.0
AFBI,140182352.0
AFCG,76857808.0
AFJK,38882556.0
AFJKU,
AFRI,296601984.0
AFRM,26103668736.0
AFYA,1269662464.0
AGAE,
AGCC,326302688.0
AGEN,376280832.0
AGH,
AGIO,2023893760.0
AGMB,690456640.0
AGMH,5180085.0
AGNC,12933602304.0
AGNCL,
AGNCM,
AGNCN,
AGNCO,
AGNCP,
AGNCZ,
AGPU,119968136.0
AGRZ,5652444.0
AGYS,3229562624.0
AHCO,731082176.0
AHG,843168256.0
AHMA,42506748.0
AIDX,6745273.0
AIFF,16161025.0
AIFU,146957504.0
AIHS,22564108.0
AIIO,451404224.0
AIMD,10706906.0
AIOS,44550000.0
AIOT,394624224.0
AIRE,9709054.0
AIRG,67435152.0
AIRJ,355001376.0
AIRO,256865168.0
AIRS,192494208.0
AIRT,83643720.0
AIRTP,
AISP,77489008.0
AIXC,18852942.0
AIXI,1205970.0
AKAM,15196594176.0
AKAN,2677162.0
AKBA,265578624.0
AKTS,1484484480.0
AKTX,15322748.0
ALAR,12199051.0
ALBT,3707637.0
ALCO,304383552.0
ALCY,
ALCYU,
ALDF,321979328.0
ALDFU,
ALDX,93505952.0
ALEC,263510320.0
ALFUU,
ALGN,11338671104.0
ALGS,46646848.0
ALGT,2250444032.0
ALHC,2819043840.0
ALIS,86129056.0
ALISU,
ALKS,8255629824.0
ALKT,2152742144.0
ALLO,749715264.0
ALLR,21161264.0
ALLT,372549408.0
ALM,5460940288.0
ALMS,3101268224.0
ALNT,1582375296.0
ALNY,32124893184.0
ALOT,227316416.0
ALOY,838889664.0
ALRM,2786361344.0
ALRS,823550080.0
ALT,622456640.0
ALTI,626892544.0
ALTO,309498176.0
ALTS,
ALVO,1801926016.0
ALXO,276553984.0
ALZN,7721157.0
AMAL,1447765120.0
AMAT,380958507008.0
AMBA,3104989952.0
AMBR,101817272.0
AMCI,113711480.0
AMCX,530062144.0
AMGN,239089090560.0
AMIX,6981799.0
AMKR,12099636224.0
AMLX,4173907200.0
AMOD,18824240.0
AMPG,108758872.0
AMPH,934984000.0
AMPL,1738638336.0
AMRN,298888096.0
AMRX,6241464832.0
AMSC,1436309504.0
AMSF,485274016.0
AMST,7335833.0
AMTX,137843920.0
AMWD,
AMZN,2815874826240.0
ANAB,1728246912.0
ANDE,2239669504.0
ANGH,30276458.0
ANGO,659251584.0
ANIK,286395456.0
ANIP,1737707136.0
ANIX,124524416.0
ANL,884827648.0
ANNA,110538000.0
ANNX,976332544.0
ANPA,62672284.0
ANSC,476131328.0
ANSCU,
ANTA,96657736.0
ANTX,213587088.0
ANY,21849088.0
AOUT,133886192.0
APA,14487034880.0
APAC,82436272.0
APACU,
APAD,
APADU,
APC,1555623040.0
APEI,845897408.0
APGE,10206491648.0
API,348345088.0
APLD,8202164736.0
APLM,76745408.0
APLS,
APM,570062.0
APOG,861025792.0
